{
	"phi110": -0.785398,
	"drift": {
		"velocity": {
			"model": "Bruyneel2006",
			"parameters": {
				"e100": {
					"mu0": 1.0676,
					"beta": 0.5458,
					"E0": 158700,
					"mun": 0.0
				},
				"e111": {
					"mu0": 0.7199,
					"beta": 1.052,
					"E0": 170000,
					"mun": 0.0
				},
				"h100": {
					"mu0": 0.2838,
					"beta": 0.8925,
					"E0": 375500
				},
				"h111": {
					"mu0": 0.3498,
					"beta": 0.69927,
					"E0": 282600
				}
			}
		}
	}
}

	
